{
  "type": "minecraft:entity",
  "pools": [
    {
      "bonus_rolls": 0,
      "entries": [
        {
          "type": "minecraft:item",
          "functions": [
            {
              "function": "minecraft:set_components",
              "components": {
                "minecraft:consumable": {
                  "on_consume_effects": [
                    {
                      "type": "minecraft:apply_effects",
                      "effects": [
                        {
                          "id": "minecraft:wither",
                          "amplifier": 1,
                          "duration": 20,
                          "ambient": true,
                          "show_particles": true,
                          "show_icon": true
                        }
                      ],
                      "probability": 1
                    }
                  ]
                },
                "minecraft:food": {
                  "nutrition": 1,
                  "saturation": 0
                },
                "minecraft:item_name": "[{\"text\":\"Poisoned raw porkchop\",\"bold\":true,\"color\":\"dark_green\"}]"
              }
            },
            {
              "add": false,
              "count": {
                "type": "minecraft:uniform",
                "max": 3,
                "min": 1
              },
              "function": "minecraft:set_count"
            },
            {
              "conditions": [
                {
                  "condition": "minecraft:any_of",
                  "terms": [
                    {
                      "condition": "minecraft:entity_properties",
                      "entity": "this",
                      "predicate": {
                        "flags": {
                          "is_on_fire": true
                        }
                      }
                    },
                    {
                      "condition": "minecraft:entity_properties",
                      "entity": "direct_attacker",
                      "predicate": {
                        "equipment": {
                          "mainhand": {
                            "predicates": {
                              "minecraft:enchantments": [
                                {
                                  "enchantments": "#minecraft:smelts_loot"
                                }
                              ]
                            }
                          }
                        }
                      }
                    }
                  ]
                }
              ],
              "function": "minecraft:furnace_smelt"
            },
            {
              "count": {
                "type": "minecraft:uniform",
                "max": 1,
                "min": 0
              },
              "enchantment": "minecraft:looting",
              "function": "minecraft:enchanted_count_increase"
            }
          ],
          "name": "minecraft:porkchop"
        }
      ],
      "rolls": 1
    }
  ],
  "random_sequence": "minecraft:entities/pig"
}