{
  "type": "minecraft:entity",
  "pools": [
    {
      "bonus_rolls": 0,
      "entries": [
        {
          "type": "minecraft:item",
          "functions": [
            {
              "function": "minecraft:set_components",
              "components": {
                "minecraft:consumable": {
                  "on_consume_effects": [
                    {
                      "type": "minecraft:apply_effects",
                      "effects": [
                        {
                          "id": "minecraft:wither",
                          "amplifier": 1,
                          "duration": 20,
                          "ambient": true,
                          "show_particles": true,
                          "show_icon": true
                        }
                      ],
                      "probability": 1
                    }
                  ]
                },
                "minecraft:food": {
                  "nutrition": 1,
                  "saturation": 0
                },
                "minecraft:item_name": "[{\"text\":\"Poisoned raw mutton\",\"bold\":true,\"color\":\"dark_green\"}]"
              }
            },
            {
              "add": false,
              "count": {
                "type": "minecraft:uniform",
                "max": 2,
                "min": 1
              },
              "function": "minecraft:set_count"
            },
            {
              "conditions": [
                {
                  "condition": "minecraft:any_of",
                  "terms": [
                    {
                      "condition": "minecraft:entity_properties",
                      "entity": "this",
                      "predicate": {
                        "flags": {
                          "is_on_fire": true
                        }
                      }
                    },
                    {
                      "condition": "minecraft:entity_properties",
                      "entity": "direct_attacker",
                      "predicate": {
                        "equipment": {
                          "mainhand": {
                            "predicates": {
                              "minecraft:enchantments": [
                                {
                                  "enchantments": "#minecraft:smelts_loot"
                                }
                              ]
                            }
                          }
                        }
                      }
                    }
                  ]
                }
              ],
              "function": "minecraft:furnace_smelt"
            },
            {
              "count": {
                "type": "minecraft:uniform",
                "max": 1,
                "min": 0
              },
              "enchantment": "minecraft:looting",
              "function": "minecraft:enchanted_count_increase"
            }
          ],
          "name": "minecraft:mutton"
        }
      ],
      "rolls": 1
    },
    {
      "bonus_rolls": 0,
      "entries": [
        {
          "type": "minecraft:alternatives",
          "children": [
            {
              "type": "minecraft:loot_table",
              "conditions": [
                {
                  "condition": "minecraft:entity_properties",
                  "entity": "this",
                  "predicate": {
                    "type_specific": {
                      "type": "minecraft:sheep",
                      "color": "white",
                      "sheared": false
                    }
                  }
                }
              ],
              "value": "minecraft:entities/sheep/white"
            },
            {
              "type": "minecraft:loot_table",
              "conditions": [
                {
                  "condition": "minecraft:entity_properties",
                  "entity": "this",
                  "predicate": {
                    "type_specific": {
                      "type": "minecraft:sheep",
                      "color": "orange",
                      "sheared": false
                    }
                  }
                }
              ],
              "value": "minecraft:entities/sheep/orange"
            },
            {
              "type": "minecraft:loot_table",
              "conditions": [
                {
                  "condition": "minecraft:entity_properties",
                  "entity": "this",
                  "predicate": {
                    "type_specific": {
                      "type": "minecraft:sheep",
                      "color": "magenta",
                      "sheared": false
                    }
                  }
                }
              ],
              "value": "minecraft:entities/sheep/magenta"
            },
            {
              "type": "minecraft:loot_table",
              "conditions": [
                {
                  "condition": "minecraft:entity_properties",
                  "entity": "this",
                  "predicate": {
                    "type_specific": {
                      "type": "minecraft:sheep",
                      "color": "light_blue",
                      "sheared": false
                    }
                  }
                }
              ],
              "value": "minecraft:entities/sheep/light_blue"
            },
            {
              "type": "minecraft:loot_table",
              "conditions": [
                {
                  "condition": "minecraft:entity_properties",
                  "entity": "this",
                  "predicate": {
                    "type_specific": {
                      "type": "minecraft:sheep",
                      "color": "yellow",
                      "sheared": false
                    }
                  }
                }
              ],
              "value": "minecraft:entities/sheep/yellow"
            },
            {
              "type": "minecraft:loot_table",
              "conditions": [
                {
                  "condition": "minecraft:entity_properties",
                  "entity": "this",
                  "predicate": {
                    "type_specific": {
                      "type": "minecraft:sheep",
                      "color": "lime",
                      "sheared": false
                    }
                  }
                }
              ],
              "value": "minecraft:entities/sheep/lime"
            },
            {
              "type": "minecraft:loot_table",
              "conditions": [
                {
                  "condition": "minecraft:entity_properties",
                  "entity": "this",
                  "predicate": {
                    "type_specific": {
                      "type": "minecraft:sheep",
                      "color": "pink",
                      "sheared": false
                    }
                  }
                }
              ],
              "value": "minecraft:entities/sheep/pink"
            },
            {
              "type": "minecraft:loot_table",
              "conditions": [
                {
                  "condition": "minecraft:entity_properties",
                  "entity": "this",
                  "predicate": {
                    "type_specific": {
                      "type": "minecraft:sheep",
                      "color": "gray",
                      "sheared": false
                    }
                  }
                }
              ],
              "value": "minecraft:entities/sheep/gray"
            },
            {
              "type": "minecraft:loot_table",
              "conditions": [
                {
                  "condition": "minecraft:entity_properties",
                  "entity": "this",
                  "predicate": {
                    "type_specific": {
                      "type": "minecraft:sheep",
                      "color": "light_gray",
                      "sheared": false
                    }
                  }
                }
              ],
              "value": "minecraft:entities/sheep/light_gray"
            },
            {
              "type": "minecraft:loot_table",
              "conditions": [
                {
                  "condition": "minecraft:entity_properties",
                  "entity": "this",
                  "predicate": {
                    "type_specific": {
                      "type": "minecraft:sheep",
                      "color": "cyan",
                      "sheared": false
                    }
                  }
                }
              ],
              "value": "minecraft:entities/sheep/cyan"
            },
            {
              "type": "minecraft:loot_table",
              "conditions": [
                {
                  "condition": "minecraft:entity_properties",
                  "entity": "this",
                  "predicate": {
                    "type_specific": {
                      "type": "minecraft:sheep",
                      "color": "purple",
                      "sheared": false
                    }
                  }
                }
              ],
              "value": "minecraft:entities/sheep/purple"
            },
            {
              "type": "minecraft:loot_table",
              "conditions": [
                {
                  "condition": "minecraft:entity_properties",
                  "entity": "this",
                  "predicate": {
                    "type_specific": {
                      "type": "minecraft:sheep",
                      "color": "blue",
                      "sheared": false
                    }
                  }
                }
              ],
              "value": "minecraft:entities/sheep/blue"
            },
            {
              "type": "minecraft:loot_table",
              "conditions": [
                {
                  "condition": "minecraft:entity_properties",
                  "entity": "this",
                  "predicate": {
                    "type_specific": {
                      "type": "minecraft:sheep",
                      "color": "brown",
                      "sheared": false
                    }
                  }
                }
              ],
              "value": "minecraft:entities/sheep/brown"
            },
            {
              "type": "minecraft:loot_table",
              "conditions": [
                {
                  "condition": "minecraft:entity_properties",
                  "entity": "this",
                  "predicate": {
                    "type_specific": {
                      "type": "minecraft:sheep",
                      "color": "green",
                      "sheared": false
                    }
                  }
                }
              ],
              "value": "minecraft:entities/sheep/green"
            },
            {
              "type": "minecraft:loot_table",
              "conditions": [
                {
                  "condition": "minecraft:entity_properties",
                  "entity": "this",
                  "predicate": {
                    "type_specific": {
                      "type": "minecraft:sheep",
                      "color": "red",
                      "sheared": false
                    }
                  }
                }
              ],
              "value": "minecraft:entities/sheep/red"
            },
            {
              "type": "minecraft:loot_table",
              "conditions": [
                {
                  "condition": "minecraft:entity_properties",
                  "entity": "this",
                  "predicate": {
                    "type_specific": {
                      "type": "minecraft:sheep",
                      "color": "black",
                      "sheared": false
                    }
                  }
                }
              ],
              "value": "minecraft:entities/sheep/black"
            }
          ]
        }
      ],
      "rolls": 1
    }
  ],
  "random_sequence": "minecraft:entities/sheep"
}