{
  "type": "minecraft:entity",
  "pools": [
    {
      "rolls": 100,
      "bonus_rolls": 100,
      "entries": [
        {
          "type": "minecraft:item",
          "name": "minecraft:experience_bottle",
          "weight": 1,
          "conditions": [
            {
              "condition": "minecraft:killed_by_player"
            },
            {
              "condition": "minecraft:location_check",
              "predicate": {
                "biomes": "minecraft:small_end_islands",
                "dimension": "minecraft:the_end",
                "light": {
                  "light": {
                    "min": 5,
                    "max": 8
                  }
                },
                "can_see_sky": false
              }
            }
          ]
        }
      ]
    }
  ],
  "random_sequence": "minecraft:entities/villager"
}