{
  "parent": "minecraft:recipes/root",
  "criteria": {
    "has_iron_ingot": {
      "conditions": {
        "items": [
          {
            "items": "minecraft:iron_nugget"
          }
        ]
      },
      "trigger": "minecraft:inventory_changed"
    },
    "has_the_recipe": {
      "conditions": {
        "recipe": "minecraft:chainmail_boots"
      },
      "trigger": "minecraft:recipe_unlocked"
    }
  },
  "requirements": [
    [
      "has_the_recipe",
      "has_iron_ingot"
    ]
  ],
  "rewards": {
    "recipes": [
      "minecraft:chainmail_boots",
      "minecraft:chainmail_chestplate",
      "minecraft:chainmail_helmet",
      "minecraft:chainmail_leggings"
    ]
  }
}