{
  "parent": "minecraft:recipes/root",
  "criteria": {
    "has_iron_ingot": {
      "conditions": {
        "items": [
          {
            "items": "minecraft:copper_ingot"
          }
        ]
      },
      "trigger": "minecraft:inventory_changed"
    },
    "has_the_recipe": {
      "conditions": {
        "recipe": "minecraft:copper_axe"
      },
      "trigger": "minecraft:recipe_unlocked"
    }
  },
  "requirements": [
    [
      "has_the_recipe",
      "has_iron_ingot"
    ]
  ],
  "rewards": {
    "recipes": [
      "minecraft:copper_axe",
      "minecraft:copper_hoe",
      "minecraft:copper_pickaxe",
      "minecraft:copper_shovel",
      "copper_sword"
    ]
  }
}