{
  "parent": "minecraft:recipes/root",
  "criteria": {
    "has_netherite_ingot": {
      "conditions": {
        "items": [
          {
            "items": "minecraft:gold_ingot"
          }
        ]
      },
      "trigger": "minecraft:inventory_changed"
    },
    "has_the_recipe": {
      "conditions": {
        "recipe": "minecraft:golden_axe"
      },
      "trigger": "minecraft:recipe_unlocked"
    }
  },
  "requirements": [
    [
      "has_the_recipe",
      "has_netherite_ingot"
    ]
  ],
  "rewards": {
    "recipes": [
      "minecraft:golden_axe",
      "minecraft:golden_boots",
      "minecraft:golden_chestplate",
      "minecraft:golden_helmet",
      "minecraft:golden_hoe",
      "minecraft:golden_leggings",
      "minecraft:golden_pickaxe",
      "minecraft:golden_shovel",
      "minecraft:golden_sword"
    ]
  }
}