{
  "parent": "minecraft:recipes/root",
  "criteria": {
    "has_iron_ingot": {
      "conditions": {
        "items": [
          {
            "items": "minecraft:iron_ingot"
          }
        ]
      },
      "trigger": "minecraft:inventory_changed"
    },
    "has_the_recipe": {
      "conditions": {
        "recipe": "minecraft:iron_axe"
      },
      "trigger": "minecraft:recipe_unlocked"
    }
  },
  "requirements": [
    [
      "has_the_recipe",
      "has_iron_ingot"
    ]
  ],
  "rewards": {
    "recipes": [
      "minecraft:iron_axe",
      "minecraft:iron_boots",
      "minecraft:iron_chestplate",
      "minecraft:iron_helmet",
      "minecraft:iron_hoe",
      "minecraft:iron_horse_armor",
      "minecraft:iron_leggings",
      "minecraft:iron_pickaxe",
      "minecraft:iron_shovel",
      "minecraft:iron_sword",
      "minecraft:bucket"
    ]
  }
}