{
  "parent": "minecraft:recipes/root",
  "criteria": {
    "has_netherite_ingot": {
      "conditions": {
        "items": [
          {
            "items": "minecraft:nether_star"
          }
        ]
      },
      "trigger": "minecraft:inventory_changed"
    },
    "has_the_recipe": {
      "conditions": {
        "recipe": "minecraft:new_netherite_axe"
      },
      "trigger": "minecraft:recipe_unlocked"
    }
  },
  "requirements": [
    [
      "has_the_recipe",
      "has_netherite_ingot"
    ]
  ],
  "rewards": {
    "recipes": [
      "minecraft:new_netherite_axe",
      "minecraft:new_netherite_boots",
      "minecraft:new_netherite_chestplate",
      "minecraft:new_netherite_helmet",
      "minecraft:new_netherite_hoe",
      "minecraft:new_netherite_leggings",
      "minecraft:new_netherite_pickaxe",
      "minecraft:new_netherite_shovel",
      "minecraft:new_netherite_sword"
    ]
  }
}