{
  "parent": "minecraft:recipes/root",
  "criteria": {
    "has_cobblestone": {
      "conditions": {
        "items": [
          {
            "items": "minecraft:cobbled_deepslate"
          }
        ]
      },
      "trigger": "minecraft:inventory_changed"
    },
    "has_the_recipe": {
      "conditions": {
        "recipe": "minecraft:stone_hoe"
      },
      "trigger": "minecraft:recipe_unlocked"
    }
  },
  "requirements": [
    [
      "has_the_recipe",
      "has_cobblestone"
    ]
  ],
  "rewards": {
    "recipes": [
      "minecraft:stone_hoe"
    ]
  }
}