{
  "display": {
    "icon": {
      "id": "minecraft:stone_pickaxe"
    },
    "title": "Быстрый старт",
    "description": "Начни узнавать, что мир жестокий",
    "frame": "task",
    "show_toast": true,
    "announce_to_chat": true
  },
  "parent": "aeterna:wooden_pickaxe",
  "criteria": {
    "crafted": {
      "trigger": "minecraft:recipe_crafted",
      "conditions": {
        "recipe_id": "minecraft:stone_pickaxe"
      }
    }
  }
}