{
  "parent": "minecraft:recipes/root",
  "criteria": {
    "has_blaze_rod": {
      "conditions": {
        "items": [
          {
            "items": "minecraft:dragon_breath"
          }
        ]
      },
      "trigger": "minecraft:inventory_changed"
    },
    "has_the_recipe": {
      "conditions": {
        "recipe": "minecraft:totem_of_undying"
      },
      "trigger": "minecraft:recipe_unlocked"
    }
  },
  "requirements": [
    [
      "has_the_recipe",
      "has_blaze_rod"
    ]
  ],
  "rewards": {
    "recipes": [
      "minecraft:totem_of_undying"
    ]
  }
}