{
  "description": {
    "text": "agility"
  },
  "supported_items": "#minecraft:enchantable/foot_armor",
  "primary_items": "#minecraft:enchantable/foot_armor",
  "weight": 5,
  "max_level": 3,
  "min_cost": {
    "base": 15,
    "per_level_above_first": 10
  },
  "max_cost": {
    "base": 65,
    "per_level_above_first": 10
  },
  "anvil_cost": 4,
  "slots": [
    "feet"
  ],
  "effects": {
    "minecraft:attributes": [
      {
        "attribute": "minecraft:movement_speed",
        "amount": {
          "type": "minecraft:linear",
          "base": 0.05,
          "per_level_above_first": 0.05
        },
        "operation": "add_multiplied_base",
        "id": "agility"
      }
    ]
  }
}