{
  "description": {
    "text": "Berserker"
  },
  "supported_items": "#minecraft:enchantable/chest_armor",
  "weight": 1,
  "max_level": 1,
  "min_cost": {
    "base": 40,
    "per_level_above_first": 0
  },
  "max_cost": {
    "base": 90,
    "per_level_above_first": 0
  },
  "anvil_cost": 8,
  "slots": [
    "chest"
  ],
  "effects": {
    "minecraft:attributes": [
      {
        "attribute": "minecraft:attack_damage",
        "amount": 16,
        "operation": "add_value",
        "id": "1"
      },
      {
        "attribute": "minecraft:movement_speed",
        "amount": 0.35,
        "operation": "add_multiplied_base",
        "id": "2"
      },
      {
        "attribute": "minecraft:armor",
        "id": "3",
        "amount": -1,
        "operation": "add_multiplied_total"
      },
      {
        "attribute": "minecraft:attack_speed",
        "id": "4",
        "amount": 1.5,
        "operation": "add_value"
      }
    ]
  }
}