{
  "description": {
    "text": "Сurse of Failure",
    "color": "dark_red"
  },
  "supported_items": "#minecraft:enchantable/armor",
  "weight": 2,
  "max_level": 1,
  "min_cost": {
    "base": 20,
    "per_level_above_first": 0
  },
  "max_cost": {
    "base": 70,
    "per_level_above_first": 0
  },
  "anvil_cost": 4,
  "slots": [
    "armor"
  ],
  "effects": {
    "minecraft:tick": [
      {
        "requirements": [
          {
            "condition": "minecraft:random_chance",
            "chance": 0.01
          }
        ],
        "effect": {
          "type": "minecraft:change_item_damage",
          "amount": -5
        }
      }
    ]
  }
}