{
  "description": {
    "text": "Curse of Fragility",
    "color": "dark_red"
  },
  "supported_items": "#minecraft:enchantable/weapon",
  "weight": 1,
  "max_level": 1,
  "min_cost": {
    "base": 40,
    "per_level_above_first": 0
  },
  "max_cost": {
    "base": 90,
    "per_level_above_first": 0
  },
  "anvil_cost": 4,
  "slots": [
    "armor"
  ],
  "effects": {
    "minecraft:attributes": [
      {
        "attribute": "minecraft:attack_damage",
        "amount": 0.5,
        "operation": "add_multiplied_total",
        "id": "1"
      }
    ],
    "minecraft:post_attack": [
      {
        "enchanted": "victim",
        "affected": "victim",
        "requirements": {
          "condition": "minecraft:random_chance",
          "chance": 0.05
        },
        "effect": {
          "type": "minecraft:change_item_damage",
          "amount": 10000
        }
      }
    ]
  }
}