{
  "description": {
    "text": "Explosive shock"
  },
  "exclusive_set": [
    "minecraft:unbreaking",
    "minecraft:mending",
    "minecraft:solar_flare"
  ],
  "supported_items": "#minecraft:enchantable/weapon",
  "weight": 1,
  "max_level": 3,
  "min_cost": {
    "base": 70,
    "per_level_above_first": 0
  },
  "max_cost": {
    "base": 100,
    "per_level_above_first": 0
  },
  "anvil_cost": 5,
  "slots": [
    "mainhand"
  ],
  "effects": {
    "minecraft:post_attack": [
      {
        "requirements": {
          "condition": "minecraft:random_chance",
          "chance": 0.01
        },
        "effect": {
          "type": "minecraft:explode",
          "damage_type": "minecraft:explosion",
          "radius": {
            "type": "minecraft:levels_squared",
            "added": 4
          },
          "create_fire": false,
          "block_interaction": "none",
          "small_particle": {
            "type": "minecraft:explosion_emitter"
          },
          "large_particle": {
            "type": "minecraft:totem_of_undying"
          },
          "sound": "minecraft:entity.generic.explode"
        },
        "enchanted": "attacker",
        "affected": "victim"
      },
      {
        "effect": {
          "type": "minecraft:change_item_damage",
          "amount": 40
        },
        "enchanted": "attacker",
        "affected": "attacker"
      }
    ],
    "minecraft:attributes": [
      {
        "attribute": "minecraft:explosion_knockback_resistance",
        "id": "1",
        "amount": 1,
        "operation": "add_value"
      }
    ]
  }
}