{
  "description": {
    "text": "Gulliver's Curse",
    "color": "dark_red"
  },
  "supported_items": "#minecraft:enchantable/head_armor",
  "weight": 1,
  "max_level": 1,
  "min_cost": {
    "base": 50,
    "per_level_above_first": 0
  },
  "max_cost": {
    "base": 100,
    "per_level_above_first": 0
  },
  "anvil_cost": 8,
  "slots": [
    "head"
  ],
  "effects": {
    "minecraft:attributes": [
      {
        "attribute": "minecraft:scale",
        "amount": 1,
        "operation": "add_value",
        "id": "1"
      },
      {
        "attribute": "minecraft:safe_fall_distance",
        "amount": 4,
        "operation": "add_value",
        "id": "2"
      }
    ]
  }
}