{
  "description": {
    "text": "Moonlight Grace"
  },
  "supported_items": "#minecraft:enchantable/leg_armor",
  "weight": 2,
  "max_level": 1,
  "min_cost": {
    "base": 20,
    "per_level_above_first": 0
  },
  "max_cost": {
    "base": 70,
    "per_level_above_first": 0
  },
  "anvil_cost": 4,
  "slots": [
    "legs"
  ],
  "effects": {
    "minecraft:tick": [
      {
        "requirements": [
          {
            "condition": "minecraft:weather_check",
            "raining": false,
            "thundering": false
          },
          {
            "condition": "minecraft:location_check",
            "predicate": {
              "can_see_sky": true
            }
          },
          {
            "condition": "minecraft:time_check",
            "clock": "0",
            "value": {
              "min": 13000,
              "max": 23000
            }
          }
        ],
        "effect": {
          "type": "minecraft:apply_mob_effect",
          "to_apply": [
            "minecraft:regeneration",
            "minecraft:strength",
            "minecraft:hunger"
          ],
          "min_duration": 60,
          "max_duration": 60,
          "min_amplifier": 0,
          "max_amplifier": 2
        }
      }
    ]
  }
}