{
  "description": {
    "text": "Safe Falling"
  },
  "supported_items": "#minecraft:enchantable/foot_armor",
  "weight": 1,
  "max_level": 1,
  "min_cost": {
    "base": 60,
    "per_level_above_first": 0
  },
  "max_cost": {
    "base": 90,
    "per_level_above_first": 0
  },
  "anvil_cost": 0,
  "slots": [
    "feet"
  ],
  "effects": {
    "minecraft:attributes": [
      {
        "attribute": "minecraft:safe_fall_distance",
        "id": "1",
        "amount": 1024,
        "operation": "add_value"
      }
    ]
  }
}