{
  "description": {
    "text": "Solar Flare"
  },
  "supported_items": "#minecraft:enchantable/armor",
  "weight": 2,
  "max_level": 1,
  "min_cost": {
    "base": 20,
    "per_level_above_first": 0
  },
  "max_cost": {
    "base": 70,
    "per_level_above_first": 0
  },
  "anvil_cost": 4,
  "slots": [
    "armor"
  ],
  "effects": {
    "minecraft:tick": [
      {
        "requirements": [
          {
            "condition": "minecraft:weather_check",
            "raining": false
          },
          {
            "condition": "minecraft:location_check",
            "predicate": {
              "position": {
                "y": {
                  "min": 80,
                  "max": 320
                }
              },
              "can_see_sky": true
            }
          },
          {
            "condition": "minecraft:time_check",
            "clock": "0",
            "value": {
              "min": 0,
              "max": 12000
            }
          },
          {
            "condition": "minecraft:random_chance",
            "chance": 0.1
          }
        ],
        "effect": {
          "type": "minecraft:change_item_damage",
          "amount": -1
        }
      }
    ]
  }
}