{
  "type": "minecraft:block",
  "pools": [
    {
      "bonus_rolls": 0,
      "conditions": [
        {
          "condition": "minecraft:match_tool",
          "predicate": {
            "items": [
              "minecraft:diamond_pickaxe",
              "minecraft:netherite_pickaxe"
            ],
            "predicates": {
              "minecraft:enchantments": [
                {
                  "enchantments": "minecraft:silk_touch",
                  "levels": 1
                }
              ]
            }
          }
        },
        {
          "condition": "minecraft:survives_explosion"
        }
      ],
      "entries": [
        {
          "type": "minecraft:item",
          "name": "minecraft:obsidian"
        }
      ],
      "rolls": 1
    }
  ],
  "random_sequence": "minecraft:blocks/obsidian"
}