{
  "type": "minecraft:barter",
  "pools": [
    {
      "bonus_rolls": 0,
      "entries": [
        {
          "type": "minecraft:item",
          "name": "minecraft:netherrack",
          "weight": 1,
          "conditions": [],
          "functions": [
            {
              "function": "minecraft:set_count",
              "count": {
                "min": 16,
                "max": 64
              },
              "conditions": []
            }
          ]
        }
      ],
      "rolls": 1
    }
  ],
  "random_sequence": "minecraft:gameplay/piglin_bartering"
}