{
  "type": "minecraft:crafting_shaped",
  "pattern": [
    "LSL"
  ],
  "key": {
    "L": "minecraft:leather",
    "S": "minecraft:string"
  },
  "result": {
    "id": "minecraft:leather",
    "count": 1,
    "components": {
      "minecraft:custom_name": "{\"text\":\"Bandage\",\"bold\":true,\"italic\":false,\"color\":\"#815704\"}",
      "minecraft:food": {
        "can_always_eat": true,
        "nutrition": 1,
        "saturation": 1
      },
      "minecraft:consumable": {
        "consume_seconds": 1,
        "animation": "drink",
        "on_consume_effects": [
          {
            "type": "apply_effects",
            "effects": [
              {
                "id": "minecraft:slowness",
                "amplifier": 2,
                "duration": 20
              },
              {
                "id": "minecraft:regeneration",
                "duration": 40,
                "amplifier": 1,
                "show_particles": false,
                "show_icon": false
              }
            ]
          }
        ]
      }
    }
  }
}