{
  "type": "minecraft:crafting_shaped",
  "category": "equipment",
  "key": {
    "X": "minecraft:iron_nugget",
    "x": "chain"
  },
  "pattern": [
    "x x",
    "XXX",
    "XXX"
  ],
  "result": {
    "components": {
      "minecraft:max_damage": 75,
      "minecraft:attribute_modifiers": {
        "modifiers": [
          {
            "type": "minecraft:armor",
            "id": "1",
            "amount": 3,
            "operation": "add_value"
          }
        ]
      }
    },
    "count": 1,
    "id": "minecraft:chainmail_chestplate"
  }
}