{
  "type": "minecraft:crafting_shaped",
  "category": "misc",
  "key": {
    "#": [
      "minecraft:acacia_wood",
      "minecraft:birch_wood",
      "minecraft:cherry_wood",
      "minecraft:dark_oak_wood",
      "minecraft:jungle_wood",
      "minecraft:mangrove_wood",
      "minecraft:oak_wood",
      "minecraft:pale_oak_wood",
      "minecraft:spruce_wood",
      "minecraft:crimson_hyphae",
      "minecraft:warped_hyphae"
    ]
  },
  "pattern": [
    "##",
    "##"
  ],
  "result": {
    "count": 1,
    "id": "minecraft:crafting_table"
  },
  "show_notification": false
}