{
  "type": "minecraft:crafting_shaped",
  "pattern": [
    "GGG",
    "GBG",
    "GGG"
  ],
  "key": {
    "G": "minecraft:gold_ingot",
    "B": "minecraft:honey_bottle"
  },
  "result": {
    "id": "minecraft:honey_bottle",
    "count": 1,
    "components": {
      "minecraft:custom_name": "{\"text\":\"Medkit\",\"bold\":true,\"italic\":false,\"color\":\"gold\"}",
      "minecraft:food": {
        "can_always_eat": true,
        "nutrition": 1,
        "saturation": 1
      },
      "minecraft:consumable": {
        "consume_seconds": 1,
        "animation": "drink",
        "on_consume_effects": [
          {
            "type": "apply_effects",
            "effects": [
              {
                "id": "minecraft:slowness",
                "amplifier": 2,
                "duration": 100
              },
              {
                "id": "minecraft:regeneration",
                "duration": 200,
                "amplifier": 2,
                "show_particles": false,
                "show_icon": false
              }
            ]
          }
        ]
      }
    }
  }
}