{
  "type": "minecraft:crafting_shaped",
  "category": "equipment",
  "key": {
    "#": "minecraft:blaze_rod",
    "X": "#minecraft:netherite_tool_materials",
    "Z": "minecraft:nether_star"
  },
  "pattern": [
    "XX",
    " Z",
    " #"
  ],
  "result": {
    "components": {
      "minecraft:attribute_modifiers": {
        "modifiers": [
          {
            "type": "minecraft:attack_damage",
            "id": "1",
            "amount": 10,
            "operation": "add_value",
            "slot": "mainhand"
          }
        ]
      },
      "minecraft:rarity": "rare"
    },
    "id": "minecraft:netherite_hoe",
    "count": 1
  },
  "show_notification": true
}