{
  "type": "minecraft:crafting_shaped",
  "category": "redstone",
  "key": {
    "#": "minecraft:smooth_stone",
    "R": "minecraft:redstone_block",
    "T": [
      "minecraft:acacia_wood",
      "minecraft:birch_wood",
      "minecraft:cherry_wood",
      "minecraft:dark_oak_wood",
      "minecraft:jungle_wood",
      "minecraft:mangrove_wood",
      "minecraft:oak_wood",
      "minecraft:pale_oak_wood",
      "minecraft:spruce_wood",
      "minecraft:crimson_hyphae",
      "minecraft:warped_hyphae"
    ],
    "X": "minecraft:iron_block"
  },
  "pattern": [
    "TTT",
    "#X#",
    "#R#"
  ],
  "result": {
    "count": 1,
    "id": "minecraft:piston"
  }
}