{
  "type": "minecraft:crafting_shaped",
  "category": "equipment",
  "key": {
    "W": [
      "minecraft:acacia_wood",
      "minecraft:birch_wood",
      "minecraft:cherry_wood",
      "minecraft:dark_oak_wood",
      "minecraft:jungle_wood",
      "minecraft:mangrove_wood",
      "minecraft:oak_wood",
      "minecraft:pale_oak_wood",
      "minecraft:spruce_wood",
      "minecraft:crimson_hyphae",
      "minecraft:warped_hyphae"
    ],
    "o": "minecraft:iron_ingot"
  },
  "pattern": [
    "WoW",
    "WWW",
    " W "
  ],
  "result": {
    "count": 1,
    "id": "minecraft:shield"
  }
}