{
  "type": "minecraft:crafting_shaped",
  "category": "misc",
  "key": {
    "C": "minecraft:coal_block",
    "L": [
      "minecraft:acacia_wood",
      "minecraft:birch_wood",
      "minecraft:cherry_wood",
      "minecraft:dark_oak_wood",
      "minecraft:jungle_wood",
      "minecraft:mangrove_wood",
      "minecraft:oak_wood",
      "minecraft:pale_oak_wood",
      "minecraft:spruce_wood",
      "minecraft:crimson_hyphae",
      "minecraft:warped_hyphae"
    ],
    "S": "minecraft:stick",
    "#": [
      "minecraft:soul_sand"
    ]
  },
  "pattern": [
    "SSS",
    "C#C",
    "LLL"
  ],
  "result": {
    "count": 1,
    "id": "minecraft:soul_campfire"
  }
}