{
  "type": "minecraft:crafting_shaped",
  "category": "equipment",
  "key": {
    "H": "minecraft:dragon_head",
    "D": "minecraft:dragon_breath",
    "N": "minecraft:netherite_ingot",
    "S": "minecraft:nether_star"
  },
  "pattern": [
    "HHH",
    "SNS",
    "DND"
  ],
  "result": {
    "components": {
      "minecraft:death_protection": {
        "death_effects": [
          {
            "type": "minecraft:apply_effects",
            "effects": [
              {
                "id": "minecraft:nausea",
                "amplifier": 1,
                "duration": 600
              },
              {
                "id": "minecraft:blindness",
                "amplifier": 255,
                "duration": 1200
              },
              {
                "id": "minecraft:slowness",
                "amplifier": 1,
                "duration": 1200
              },
              {
                "id": "minecraft:weakness",
                "amplifier": 2,
                "duration": 1200
              },
              {
                "id": "minecraft:resistance",
                "amplifier": 3,
                "duration": 600
              }
            ]
          },
          {
            "type": "minecraft:play_sound",
            "sound": "minecraft:entity.wither.death"
          },
          {
            "type": "minecraft:teleport_randomly",
            "diameter": 3
          }
        ]
      }
    },
    "count": 1,
    "id": "minecraft:totem_of_undying"
  }
}