{
  "type": "minecraft:smithing_transform",
  "addition": "minecraft:music_disc_5",
  "base": "minecraft:bow",
  "result": {
    "components": {
      "minecraft:attribute_modifiers": {
        "modifiers": [
          {
            "type": "minecraft:movement_efficiency",
            "id": "1",
            "amount": 0.02,
            "operation": "add_value",
            "slot": "mainhand"
          }
        ]
      },
      "minecraft:rarity": "epic",
      "minecraft:enchantments": {
        "levels": {
          "minecraft:punch": 3,
          "minecraft:flame": 1,
          "minecraft:infinity": 1,
          "minecraft:multishot": 1,
          "minecraft:power": 10
        }
      },
      "minecraft:item_name": "[{\"text\":\"True netherite bow\",\"bold\":true,\"color\":\"dark_purple\"}]",
      "minecraft:unbreakable": {
        "show_in_tooltip": true
      }
    },
    "count": 1,
    "id": "minecraft:bow"
  },
  "template": "minecraft:netherite_upgrade_smithing_template"
}