{
  "type": "minecraft:smithing_transform",
  "addition": "minecraft:music_disc_5",
  "base": "minecraft:netherite_sword",
  "result": {
    "components": {
      "minecraft:unbreakable": {
        "show_in_tooltip": true
      },
      "minecraft:attribute_modifiers": {
        "modifiers": [
          {
            "type": "minecraft:attack_damage",
            "id": "3",
            "amount": 100,
            "operation": "add_value",
            "slot": "mainhand"
          },
          {
            "type": "minecraft:entity_interaction_range",
            "id": "2",
            "amount": 4,
            "operation": "add_value",
            "slot": "mainhand"
          },
          {
            "type": "minecraft:attack_speed",
            "id": "1",
            "amount": 2,
            "operation": "add_value",
            "slot": "mainhand"
          }
        ]
      },
      "minecraft:enchantments": {
        "levels": {
          "minecraft:sharpness": 6,
          "minecraft:sweeping_edge": 3,
          "minecraft:bane_of_arthropods": 6,
          "minecraft:fire_aspect": 3,
          "minecraft:looting": 3,
          "minecraft:smite": 6,
          "minecraft:knockback": 3,
          "minecraft:explosive_shock": 4
        },
        "show_in_tooltip": true
      },
      "minecraft:rarity": "epic",
      "minecraft:custom_name": "[{\"text\":\"True netherite sword\",\"bold\":true,\"color\":\"dark_purple\"}]"
    },
    "id": "minecraft:netherite_sword"
  },
  "template": "minecraft:netherite_upgrade_smithing_template"
}