{
  "type": "minecraft:smithing_transform",
  "addition": "minecraft:music_disc_5",
  "base": "minecraft:netherite_pickaxe",
  "result": {
    "components": {
      "minecraft:item_name": "[{\"text\":\"True netherite pickaxe\",\"bold\":true,\"color\":\"dark_purple\"}]",
      "minecraft:unbreakable": {
        "show_in_tooltip": true
      },
      "minecraft:attribute_modifiers": {
        "modifiers": [
          {
            "type": "minecraft:attack_damage",
            "id": "3",
            "amount": 70,
            "operation": "add_value",
            "slot": "mainhand"
          },
          {
            "type": "minecraft:block_break_speed",
            "id": "2",
            "amount": 6,
            "operation": "add_value",
            "slot": "mainhand"
          },
          {
            "type": "minecraft:mining_efficiency",
            "id": "1",
            "amount": 2,
            "operation": "add_value",
            "slot": "mainhand"
          }
        ]
      },
      "minecraft:enchantments": {
        "levels": {
          "minecraft:efficiency": 6,
          "minecraft:fortune": 5
        },
        "show_in_tooltip": true
      },
      "minecraft:rarity": "epic"
    },
    "id": "minecraft:netherite_pickaxe"
  },
  "template": "minecraft:netherite_upgrade_smithing_template"
}