{
  "type": "minecraft:smithing_transform",
  "addition": "minecraft:music_disc_5",
  "base": "minecraft:netherite_boots",
  "result": {
    "components": {
      "minecraft:item_name": "[{\"text\":\"True netherite boots\",\"bold\":true,\"color\":\"dark_purple\"}]",
      "minecraft:unbreakable": {
        "show_in_tooltip": true
      },
      "minecraft:attribute_modifiers": {
        "modifiers": [
          {
            "type": "minecraft:knockback_resistance",
            "id": "5",
            "amount": 1,
            "operation": "add_value",
            "slot": "armor"
          },
          {
            "type": "minecraft:movement_speed",
            "id": "4",
            "amount": 0.05,
            "operation": "add_value",
            "slot": "armor"
          },
          {
            "type": "minecraft:max_health",
            "id": "3",
            "amount": 5,
            "operation": "add_value",
            "slot": "armor"
          },
          {
            "type": "minecraft:armor_toughness",
            "id": "2",
            "amount": 10,
            "operation": "add_value",
            "slot": "armor"
          },
          {
            "type": "minecraft:armor",
            "id": "1",
            "amount": 20,
            "operation": "add_value",
            "slot": "armor"
          }
        ]
      },
      "minecraft:enchantments": {
        "levels": {
          "minecraft:thorns": 5,
          "minecraft:fire_protection": 4,
          "minecraft:blast_protection": 4,
          "minecraft:projectile_protection": 4,
          "minecraft:protection": 4,
          "minecraft:feather_falling": 4,
          "minecraft:frost_walker": 2,
          "minecraft:soul_speed": 4,
          "minecraft:agility": 4,
          "minecraft:sculk_speed": 2
        },
        "show_in_tooltip": true
      },
      "minecraft:trim": {
        "material": "minecraft:gold",
        "pattern": "minecraft:spire"
      },
      "minecraft:rarity": "epic"
    },
    "id": "minecraft:netherite_boots"
  },
  "template": "minecraft:netherite_upgrade_smithing_template"
}